/*
 Navicat Premium Data Transfer

 Source Server         : localhost
 Source Server Type    : MySQL
 Source Server Version : 50721
 Source Host           : localhost:3306
 Source Schema         : tansci_cloud

 Target Server Type    : MySQL
 Target Server Version : 50721
 File Encoding         : 65001

 Date: 06/05/2022 18:11:09
*/

SET NAMES utf8mb4;
SET FOREIGN_KEY_CHECKS = 0;

-- ----------------------------
-- Table structure for log_error_info
-- ----------------------------
DROP TABLE IF EXISTS `log_error_info`;
CREATE TABLE `log_error_info`  (
  `id` varchar(64) CHARACTER SET utf8 COLLATE utf8_general_ci NOT NULL COMMENT '主键id',
  `req_param` text CHARACTER SET utf8 COLLATE utf8_general_ci NULL COMMENT '请求参数',
  `name` varchar(255) CHARACTER SET utf8 COLLATE utf8_general_ci NULL DEFAULT NULL COMMENT '异常名称',
  `message` text CHARACTER SET utf8 COLLATE utf8_general_ci NULL COMMENT '异常信息',
  `user_id` varchar(64) CHARACTER SET utf8 COLLATE utf8_general_ci NULL DEFAULT NULL COMMENT '操作用户id',
  `user_name` varchar(255) CHARACTER SET utf8 COLLATE utf8_general_ci NULL DEFAULT NULL COMMENT '操作用户名称',
  `method` varchar(255) CHARACTER SET utf8 COLLATE utf8_general_ci NULL DEFAULT NULL COMMENT '请求方法',
  `uri` varchar(255) CHARACTER SET utf8 COLLATE utf8_general_ci NULL DEFAULT NULL COMMENT '请求url',
  `ip` varchar(50) CHARACTER SET utf8 COLLATE utf8_general_ci NULL DEFAULT NULL COMMENT '请求IP',
  `version` varchar(50) CHARACTER SET utf8 COLLATE utf8_general_ci NULL DEFAULT NULL COMMENT '版本号',
  `create_time` datetime NULL DEFAULT NULL COMMENT '创建时间',
  PRIMARY KEY (`id`) USING BTREE
) ENGINE = InnoDB CHARACTER SET = utf8 COLLATE = utf8_general_ci COMMENT = '异常日志' ROW_FORMAT = DYNAMIC;

-- ----------------------------
-- Records of log_error_info
-- ----------------------------
INSERT INTO `log_error_info` VALUES ('359888e3-429f-4a52-afee-4eb7589a016b', '{\"type\":\"0\",\"status\":\"1\"}', 'org.springframework.jdbc.BadSqlGrammarException', 'org.springframework.jdbc.BadSqlGrammarException:\r\n### Error querying database.  Cause: com.mysql.jdbc.exceptions.jdbc4.MySQLSyntaxErrorException: You have an error in your SQL syntax; check the manual that corresponds to your MySQL server version for the right syntax to use near \'UNION ALL\n            SELECT `id`, `name`, `parent_id`, `chinese_name`, `english\' at line 5\r\n### The error may exist in file [F:\\privatespace\\tansci-cloud\\tansci-admin\\tansci-admin-biz\\target\\classes\\mapper\\SysMenuMapper.xml]\r\n### The error may involve com.tansci.mapper.SysMenuMapper.list-Inline\r\n### The error occurred while setting parameters\r\n### SQL: SELECT `id`, `name`, `parent_id`, `chinese_name`, `english_name`, `status`, `type`, `url`, `icon`, `level`, `sort`, `update_time`, `create_time`, `remarks`         FROM(                            UNION ALL             SELECT `id`, `name`, `parent_id`, `chinese_name`, `english_name`, `status`, `type`, `url`, `icon`, `level`, `sort`, `update_time`, `create_time`, `remarks`, null `role_id`             FROM sys_menu m              WHERE m.status = ?          ) t GROUP BY id\r\n### Cause: com.mysql.jdbc.exceptions.jdbc4.MySQLSyntaxErrorException: You have an error in your SQL syntax; check the manual that corresponds to your MySQL server version for the right syntax to use near \'UNION ALL\n            SELECT `id`, `name`, `parent_id`, `chinese_name`, `english\' at line 5\n; bad SQL grammar []; nested exception is com.mysql.jdbc.exceptions.jdbc4.MySQLSyntaxErrorException: You have an error in your SQL syntax; check the manual that corresponds to your MySQL server version for the right syntax to use near \'UNION ALL\n            SELECT `id`, `name`, `parent_id`, `chinese_name`, `english\' at line 5<br/>org.springframework.jdbc.support.SQLErrorCodeSQLExceptionTranslator.doTranslate(SQLErrorCodeSQLExceptionTranslator.java:239)<br/>org.springframework.jdbc.support.AbstractFallbackSQLExceptionTranslator.translate(AbstractFallbackSQLExceptionTranslator.java:70)<br/>org.mybatis.spring.MyBatisExceptionTranslator.translateExceptionIfPossible(MyBatisExceptionTranslator.java:91)<br/>org.mybatis.spring.SqlSessionTemplate$SqlSessionInterceptor.invoke(SqlSessionTemplate.java:441)<br/>com.sun.proxy.$Proxy136.selectList(Unknown Source)<br/>org.mybatis.spring.SqlSessionTemplate.selectList(SqlSessionTemplate.java:224)<br/>com.baomidou.mybatisplus.core.override.MybatisMapperMethod.executeForMany(MybatisMapperMethod.java:166)<br/>com.baomidou.mybatisplus.core.override.MybatisMapperMethod.execute(MybatisMapperMethod.java:77)<br/>com.baomidou.mybatisplus.core.override.MybatisMapperProxy$PlainMethodInvoker.invoke(MybatisMapperProxy.java:148)<br/>com.baomidou.mybatisplus.core.override.MybatisMapperProxy.invoke(MybatisMapperProxy.java:89)<br/>com.sun.proxy.$Proxy145.list(Unknown Source)<br/>com.tansci.service.impl.SysMenuServiceImpl.list(SysMenuServiceImpl.java:36)<br/>com.tansci.service.impl.SysMenuServiceImpl$$FastClassBySpringCGLIB$$58665f75.invoke(<generated>)<br/>org.springframework.cglib.proxy.MethodProxy.invoke(MethodProxy.java:218)<br/>org.springframework.aop.framework.CglibAopProxy$DynamicAdvisedInterceptor.intercept(CglibAopProxy.java:689)<br/>com.tansci.service.impl.SysMenuServiceImpl$$EnhancerBySpringCGLIB$$620e074.list(<generated>)<br/>com.tansci.controller.SysMenuController.list(SysMenuController.java:38)<br/>com.tansci.controller.SysMenuController$$FastClassBySpringCGLIB$$8cd2e7ff.invoke(<generated>)<br/>org.springframework.cglib.proxy.MethodProxy.invoke(MethodProxy.java:218)<br/>org.springframework.aop.framework.CglibAopProxy$CglibMethodInvocation.invokeJoinpoint(CglibAopProxy.java:783)<br/>org.springframework.aop.framework.ReflectiveMethodInvocation.proceed(ReflectiveMethodInvocation.java:163)<br/>org.springframework.aop.framework.CglibAopProxy$CglibMethodInvocation.proceed(CglibAopProxy.java:753)<br/>org.springframework.aop.aspectj.AspectJAfterThrowingAdvice.invoke(AspectJAfterThrowingAdvice.java:64)<br/>org.springframework.aop.framework.ReflectiveMethodInvocation.proceed(ReflectiveMethodInvocation.java:186)<br/>org.springframework.aop.framework.CglibAopProxy$CglibMethodInvocation.proceed(CglibAopProxy.java:753)<br/>org.springframework.aop.framework.adapter.AfterReturningAdviceInterceptor.invoke(AfterReturningAdviceInterceptor.java:57)<br/>org.springframework.aop.framework.ReflectiveMethodInvocation.proceed(ReflectiveMethodInvocation.java:175)<br/>org.springframework.aop.framework.CglibAopProxy$CglibMethodInvocation.proceed(CglibAopProxy.java:753)<br/>org.springframework.aop.framework.adapter.MethodBeforeAdviceInterceptor.invoke(MethodBeforeAdviceInterceptor.java:58)<br/>org.springframework.aop.framework.ReflectiveMethodInvocation.proceed(ReflectiveMethodInvocation.java:175)<br/>org.springframework.aop.framework.CglibAopProxy$CglibMethodInvocation.proceed(CglibAopProxy.java:753)<br/>org.springframework.aop.aspectj.MethodInvocationProceedingJoinPoint.proceed(MethodInvocationProceedingJoinPoint.java:89)<br/>com.tansci.aop.UserInfoAspect.around(UserInfoAspect.java:64)<br/>sun.reflect.NativeMethodAccessorImpl.invoke0(Native Method)<br/>sun.reflect.NativeMethodAccessorImpl.invoke(NativeMethodAccessorImpl.java:62)<br/>sun.reflect.DelegatingMethodAccessorImpl.invoke(DelegatingMethodAccessorImpl.java:43)<br/>java.lang.reflect.Method.invoke(Method.java:498)<br/>org.springframework.aop.aspectj.AbstractAspectJAdvice.invokeAdviceMethodWithGivenArgs(AbstractAspectJAdvice.java:634)<br/>org.springframework.aop.aspectj.AbstractAspectJAdvice.invokeAdviceMethod(AbstractAspectJAdvice.java:624)<br/>org.springframework.aop.aspectj.AspectJAroundAdvice.invoke(AspectJAroundAdvice.java:72)<br/>org.springframework.aop.framework.ReflectiveMethodInvocation.proceed(ReflectiveMethodInvocation.java:186)<br/>org.springframework.aop.framework.CglibAopProxy$CglibMethodInvocation.proceed(CglibAopProxy.java:753)<br/>org.springframework.aop.interceptor.ExposeInvocationInterceptor.invoke(ExposeInvocationInterceptor.java:97)<br/>org.springframework.aop.framework.ReflectiveMethodInvocation.proceed(ReflectiveMethodInvocation.java:186)<br/>org.springframework.aop.framework.CglibAopProxy$CglibMethodInvocation.proceed(CglibAopProxy.java:753)<br/>org.springframework.aop.framework.CglibAopProxy$DynamicAdvisedInterceptor.intercept(CglibAopProxy.java:698)<br/>com.tansci.controller.SysMenuController$$EnhancerBySpringCGLIB$$dcf03b87.list(<generated>)<br/>sun.reflect.NativeMethodAccessorImpl.invoke0(Native Method)<br/>sun.reflect.NativeMethodAccessorImpl.invoke(NativeMethodAccessorImpl.java:62)<br/>sun.reflect.DelegatingMethodAccessorImpl.invoke(DelegatingMethodAccessorImpl.java:43)<br/>java.lang.reflect.Method.invoke(Method.java:498)<br/>org.springframework.web.method.support.InvocableHandlerMethod.doInvoke(InvocableHandlerMethod.java:205)<br/>org.springframework.web.method.support.InvocableHandlerMethod.invokeForRequest(InvocableHandlerMethod.java:150)<br/>org.springframework.web.servlet.mvc.method.annotation.ServletInvocableHandlerMethod.invokeAndHandle(ServletInvocableHandlerMethod.java:117)<br/>org.springframework.web.servlet.mvc.method.annotation.RequestMappingHandlerAdapter.invokeHandlerMethod(RequestMappingHandlerAdapter.java:895)<br/>org.springframework.web.servlet.mvc.method.annotation.RequestMappingHandlerAdapter.handleInternal(RequestMappingHandlerAdapter.java:808)<br/>org.springframework.web.servlet.mvc.method.AbstractHandlerMethodAdapter.handle(AbstractHandlerMethodAdapter.java:87)<br/>org.springframework.web.servlet.DispatcherServlet.doDispatch(DispatcherServlet.java:1067)<br/>org.springframework.web.servlet.DispatcherServlet.doService(DispatcherServlet.java:963)<br/>org.springframework.web.servlet.FrameworkServlet.processRequest(FrameworkServlet.java:1006)<br/>org.springframework.web.servlet.FrameworkServlet.doGet(FrameworkServlet.java:898)<br/>javax.servlet.http.HttpServlet.service(HttpServlet.java:655)<br/>org.springframework.web.servlet.FrameworkServlet.service(FrameworkServlet.java:883)<br/>javax.servlet.http.HttpServlet.service(HttpServlet.java:764)<br/>org.apache.catalina.core.ApplicationFilterChain.internalDoFilter(ApplicationFilterChain.java:227)<br/>org.apache.catalina.core.ApplicationFilterChain.doFilter(ApplicationFilterChain.java:162)<br/>org.apache.tomcat.websocket.server.WsFilter.doFilter(WsFilter.java:53)<br/>org.apache.catalina.core.ApplicationFilterChain.internalDoFilter(ApplicationFilterChain.java:189)<br/>org.apache.catalina.core.ApplicationFilterChain.doFilter(ApplicationFilterChain.java:162)<br/>org.springframework.web.filter.CharacterEncodingFilter.doFilterInternal(CharacterEncodingFilter.java:201)<br/>org.springframework.web.filter.OncePerRequestFilter.doFilter(OncePerRequestFilter.java:117)<br/>org.apache.catalina.core.ApplicationFilterChain.internalDoFilter(ApplicationFilterChain.java:189)<br/>org.apache.catalina.core.ApplicationFilterChain.doFilter(ApplicationFilterChain.java:162)<br/>org.apache.catalina.core.StandardWrapperValve.invoke(StandardWrapperValve.java:197)<br/>org.apache.catalina.core.StandardContextValve.invoke(StandardContextValve.java:97)<br/>org.apache.catalina.authenticator.AuthenticatorBase.invoke(AuthenticatorBase.java:540)<br/>org.apache.catalina.core.StandardHostValve.invoke(StandardHostValve.java:135)<br/>org.apache.catalina.valves.ErrorReportValve.invoke(ErrorReportValve.java:92)<br/>org.apache.catalina.core.StandardEngineValve.invoke(StandardEngineValve.java:78)<br/>org.apache.catalina.connector.CoyoteAdapter.service(CoyoteAdapter.java:357)<br/>org.apache.coyote.http11.Http11Processor.service(Http11Processor.java:382)<br/>org.apache.coyote.AbstractProcessorLight.process(AbstractProcessorLight.java:65)<br/>org.apache.coyote.AbstractProtocol$ConnectionHandler.process(AbstractProtocol.java:895)<br/>org.apache.tomcat.util.net.NioEndpoint$SocketProcessor.doRun(NioEndpoint.java:1732)<br/>org.apache.tomcat.util.net.SocketProcessorBase.run(SocketProcessorBase.java:49)<br/>org.apache.tomcat.util.threads.ThreadPoolExecutor.runWorker(ThreadPoolExecutor.java:1191)<br/>org.apache.tomcat.util.threads.ThreadPoolExecutor$Worker.run(ThreadPoolExecutor.java:659)<br/>org.apache.tomcat.util.threads.TaskThread$WrappingRunnable.run(TaskThread.java:61)<br/>java.lang.Thread.run(Thread.java:745)<br/>', 'bc3ac26e69731b617eb80274453f6dbb', 'admin', 'com.tansci.controller.SysMenuController.list', '/sysMenu/list', '127.0.0.1', '1.0.0', '2022-05-06 11:50:05');
INSERT INTO `log_error_info` VALUES ('8b066a6d-5fbc-49ab-813b-4d2a13c75d3d', '{\"type\":\"0\",\"status\":\"1\"}', 'org.springframework.jdbc.BadSqlGrammarException', 'org.springframework.jdbc.BadSqlGrammarException:\r\n### Error querying database.  Cause: com.mysql.jdbc.exceptions.jdbc4.MySQLSyntaxErrorException: You have an error in your SQL syntax; check the manual that corresponds to your MySQL server version for the right syntax to use near \'UNION ALL\n            SELECT `id`, `name`, `parent_id`, `chinese_name`, `english\' at line 5\r\n### The error may exist in file [F:\\privatespace\\tansci-cloud\\tansci-admin\\tansci-admin-biz\\target\\classes\\mapper\\SysMenuMapper.xml]\r\n### The error may involve com.tansci.mapper.SysMenuMapper.list-Inline\r\n### The error occurred while setting parameters\r\n### SQL: SELECT `id`, `name`, `parent_id`, `chinese_name`, `english_name`, `status`, `type`, `url`, `icon`, `level`, `sort`, `update_time`, `create_time`, `remarks`         FROM(                            UNION ALL             SELECT `id`, `name`, `parent_id`, `chinese_name`, `english_name`, `status`, `type`, `url`, `icon`, `level`, `sort`, `update_time`, `create_time`, `remarks`, null `role_id`             FROM sys_menu m              WHERE m.status = ?          ) t GROUP BY id\r\n### Cause: com.mysql.jdbc.exceptions.jdbc4.MySQLSyntaxErrorException: You have an error in your SQL syntax; check the manual that corresponds to your MySQL server version for the right syntax to use near \'UNION ALL\n            SELECT `id`, `name`, `parent_id`, `chinese_name`, `english\' at line 5\n; bad SQL grammar []; nested exception is com.mysql.jdbc.exceptions.jdbc4.MySQLSyntaxErrorException: You have an error in your SQL syntax; check the manual that corresponds to your MySQL server version for the right syntax to use near \'UNION ALL\n            SELECT `id`, `name`, `parent_id`, `chinese_name`, `english\' at line 5<br/>org.springframework.jdbc.support.SQLErrorCodeSQLExceptionTranslator.doTranslate(SQLErrorCodeSQLExceptionTranslator.java:239)<br/>org.springframework.jdbc.support.AbstractFallbackSQLExceptionTranslator.translate(AbstractFallbackSQLExceptionTranslator.java:70)<br/>org.mybatis.spring.MyBatisExceptionTranslator.translateExceptionIfPossible(MyBatisExceptionTranslator.java:91)<br/>org.mybatis.spring.SqlSessionTemplate$SqlSessionInterceptor.invoke(SqlSessionTemplate.java:441)<br/>com.sun.proxy.$Proxy136.selectList(Unknown Source)<br/>org.mybatis.spring.SqlSessionTemplate.selectList(SqlSessionTemplate.java:224)<br/>com.baomidou.mybatisplus.core.override.MybatisMapperMethod.executeForMany(MybatisMapperMethod.java:166)<br/>com.baomidou.mybatisplus.core.override.MybatisMapperMethod.execute(MybatisMapperMethod.java:77)<br/>com.baomidou.mybatisplus.core.override.MybatisMapperProxy$PlainMethodInvoker.invoke(MybatisMapperProxy.java:148)<br/>com.baomidou.mybatisplus.core.override.MybatisMapperProxy.invoke(MybatisMapperProxy.java:89)<br/>com.sun.proxy.$Proxy145.list(Unknown Source)<br/>com.tansci.service.impl.SysMenuServiceImpl.list(SysMenuServiceImpl.java:36)<br/>com.tansci.service.impl.SysMenuServiceImpl$$FastClassBySpringCGLIB$$58665f75.invoke(<generated>)<br/>org.springframework.cglib.proxy.MethodProxy.invoke(MethodProxy.java:218)<br/>org.springframework.aop.framework.CglibAopProxy$DynamicAdvisedInterceptor.intercept(CglibAopProxy.java:689)<br/>com.tansci.service.impl.SysMenuServiceImpl$$EnhancerBySpringCGLIB$$620e074.list(<generated>)<br/>com.tansci.controller.SysMenuController.list(SysMenuController.java:38)<br/>com.tansci.controller.SysMenuController$$FastClassBySpringCGLIB$$8cd2e7ff.invoke(<generated>)<br/>org.springframework.cglib.proxy.MethodProxy.invoke(MethodProxy.java:218)<br/>org.springframework.aop.framework.CglibAopProxy$CglibMethodInvocation.invokeJoinpoint(CglibAopProxy.java:783)<br/>org.springframework.aop.framework.ReflectiveMethodInvocation.proceed(ReflectiveMethodInvocation.java:163)<br/>org.springframework.aop.framework.CglibAopProxy$CglibMethodInvocation.proceed(CglibAopProxy.java:753)<br/>org.springframework.aop.aspectj.AspectJAfterThrowingAdvice.invoke(AspectJAfterThrowingAdvice.java:64)<br/>org.springframework.aop.framework.ReflectiveMethodInvocation.proceed(ReflectiveMethodInvocation.java:186)<br/>org.springframework.aop.framework.CglibAopProxy$CglibMethodInvocation.proceed(CglibAopProxy.java:753)<br/>org.springframework.aop.framework.adapter.AfterReturningAdviceInterceptor.invoke(AfterReturningAdviceInterceptor.java:57)<br/>org.springframework.aop.framework.ReflectiveMethodInvocation.proceed(ReflectiveMethodInvocation.java:175)<br/>org.springframework.aop.framework.CglibAopProxy$CglibMethodInvocation.proceed(CglibAopProxy.java:753)<br/>org.springframework.aop.framework.adapter.MethodBeforeAdviceInterceptor.invoke(MethodBeforeAdviceInterceptor.java:58)<br/>org.springframework.aop.framework.ReflectiveMethodInvocation.proceed(ReflectiveMethodInvocation.java:175)<br/>org.springframework.aop.framework.CglibAopProxy$CglibMethodInvocation.proceed(CglibAopProxy.java:753)<br/>org.springframework.aop.aspectj.MethodInvocationProceedingJoinPoint.proceed(MethodInvocationProceedingJoinPoint.java:89)<br/>com.tansci.aop.UserInfoAspect.around(UserInfoAspect.java:64)<br/>sun.reflect.NativeMethodAccessorImpl.invoke0(Native Method)<br/>sun.reflect.NativeMethodAccessorImpl.invoke(NativeMethodAccessorImpl.java:62)<br/>sun.reflect.DelegatingMethodAccessorImpl.invoke(DelegatingMethodAccessorImpl.java:43)<br/>java.lang.reflect.Method.invoke(Method.java:498)<br/>org.springframework.aop.aspectj.AbstractAspectJAdvice.invokeAdviceMethodWithGivenArgs(AbstractAspectJAdvice.java:634)<br/>org.springframework.aop.aspectj.AbstractAspectJAdvice.invokeAdviceMethod(AbstractAspectJAdvice.java:624)<br/>org.springframework.aop.aspectj.AspectJAroundAdvice.invoke(AspectJAroundAdvice.java:72)<br/>org.springframework.aop.framework.ReflectiveMethodInvocation.proceed(ReflectiveMethodInvocation.java:186)<br/>org.springframework.aop.framework.CglibAopProxy$CglibMethodInvocation.proceed(CglibAopProxy.java:753)<br/>org.springframework.aop.interceptor.ExposeInvocationInterceptor.invoke(ExposeInvocationInterceptor.java:97)<br/>org.springframework.aop.framework.ReflectiveMethodInvocation.proceed(ReflectiveMethodInvocation.java:186)<br/>org.springframework.aop.framework.CglibAopProxy$CglibMethodInvocation.proceed(CglibAopProxy.java:753)<br/>org.springframework.aop.framework.CglibAopProxy$DynamicAdvisedInterceptor.intercept(CglibAopProxy.java:698)<br/>com.tansci.controller.SysMenuController$$EnhancerBySpringCGLIB$$dcf03b87.list(<generated>)<br/>sun.reflect.NativeMethodAccessorImpl.invoke0(Native Method)<br/>sun.reflect.NativeMethodAccessorImpl.invoke(NativeMethodAccessorImpl.java:62)<br/>sun.reflect.DelegatingMethodAccessorImpl.invoke(DelegatingMethodAccessorImpl.java:43)<br/>java.lang.reflect.Method.invoke(Method.java:498)<br/>org.springframework.web.method.support.InvocableHandlerMethod.doInvoke(InvocableHandlerMethod.java:205)<br/>org.springframework.web.method.support.InvocableHandlerMethod.invokeForRequest(InvocableHandlerMethod.java:150)<br/>org.springframework.web.servlet.mvc.method.annotation.ServletInvocableHandlerMethod.invokeAndHandle(ServletInvocableHandlerMethod.java:117)<br/>org.springframework.web.servlet.mvc.method.annotation.RequestMappingHandlerAdapter.invokeHandlerMethod(RequestMappingHandlerAdapter.java:895)<br/>org.springframework.web.servlet.mvc.method.annotation.RequestMappingHandlerAdapter.handleInternal(RequestMappingHandlerAdapter.java:808)<br/>org.springframework.web.servlet.mvc.method.AbstractHandlerMethodAdapter.handle(AbstractHandlerMethodAdapter.java:87)<br/>org.springframework.web.servlet.DispatcherServlet.doDispatch(DispatcherServlet.java:1067)<br/>org.springframework.web.servlet.DispatcherServlet.doService(DispatcherServlet.java:963)<br/>org.springframework.web.servlet.FrameworkServlet.processRequest(FrameworkServlet.java:1006)<br/>org.springframework.web.servlet.FrameworkServlet.doGet(FrameworkServlet.java:898)<br/>javax.servlet.http.HttpServlet.service(HttpServlet.java:655)<br/>org.springframework.web.servlet.FrameworkServlet.service(FrameworkServlet.java:883)<br/>javax.servlet.http.HttpServlet.service(HttpServlet.java:764)<br/>org.apache.catalina.core.ApplicationFilterChain.internalDoFilter(ApplicationFilterChain.java:227)<br/>org.apache.catalina.core.ApplicationFilterChain.doFilter(ApplicationFilterChain.java:162)<br/>org.apache.tomcat.websocket.server.WsFilter.doFilter(WsFilter.java:53)<br/>org.apache.catalina.core.ApplicationFilterChain.internalDoFilter(ApplicationFilterChain.java:189)<br/>org.apache.catalina.core.ApplicationFilterChain.doFilter(ApplicationFilterChain.java:162)<br/>org.springframework.web.filter.CharacterEncodingFilter.doFilterInternal(CharacterEncodingFilter.java:201)<br/>org.springframework.web.filter.OncePerRequestFilter.doFilter(OncePerRequestFilter.java:117)<br/>org.apache.catalina.core.ApplicationFilterChain.internalDoFilter(ApplicationFilterChain.java:189)<br/>org.apache.catalina.core.ApplicationFilterChain.doFilter(ApplicationFilterChain.java:162)<br/>org.apache.catalina.core.StandardWrapperValve.invoke(StandardWrapperValve.java:197)<br/>org.apache.catalina.core.StandardContextValve.invoke(StandardContextValve.java:97)<br/>org.apache.catalina.authenticator.AuthenticatorBase.invoke(AuthenticatorBase.java:540)<br/>org.apache.catalina.core.StandardHostValve.invoke(StandardHostValve.java:135)<br/>org.apache.catalina.valves.ErrorReportValve.invoke(ErrorReportValve.java:92)<br/>org.apache.catalina.core.StandardEngineValve.invoke(StandardEngineValve.java:78)<br/>org.apache.catalina.connector.CoyoteAdapter.service(CoyoteAdapter.java:357)<br/>org.apache.coyote.http11.Http11Processor.service(Http11Processor.java:382)<br/>org.apache.coyote.AbstractProcessorLight.process(AbstractProcessorLight.java:65)<br/>org.apache.coyote.AbstractProtocol$ConnectionHandler.process(AbstractProtocol.java:895)<br/>org.apache.tomcat.util.net.NioEndpoint$SocketProcessor.doRun(NioEndpoint.java:1732)<br/>org.apache.tomcat.util.net.SocketProcessorBase.run(SocketProcessorBase.java:49)<br/>org.apache.tomcat.util.threads.ThreadPoolExecutor.runWorker(ThreadPoolExecutor.java:1191)<br/>org.apache.tomcat.util.threads.ThreadPoolExecutor$Worker.run(ThreadPoolExecutor.java:659)<br/>org.apache.tomcat.util.threads.TaskThread$WrappingRunnable.run(TaskThread.java:61)<br/>java.lang.Thread.run(Thread.java:745)<br/>', 'bc3ac26e69731b617eb80274453f6dbb', 'admin', 'com.tansci.controller.SysMenuController.list', '/sysMenu/list', '127.0.0.1', '1.0.0', '2022-05-06 11:47:45');
INSERT INTO `log_error_info` VALUES ('9b0ab44d-17e7-40f0-aa6b-3967c251d999', '{\"type\":\"0\",\"status\":\"1\"}', 'org.springframework.jdbc.BadSqlGrammarException', 'org.springframework.jdbc.BadSqlGrammarException:\r\n### Error querying database.  Cause: com.mysql.jdbc.exceptions.jdbc4.MySQLSyntaxErrorException: You have an error in your SQL syntax; check the manual that corresponds to your MySQL server version for the right syntax to use near \'UNION ALL\n            SELECT `id`, `name`, `parent_id`, `chinese_name`, `english\' at line 5\r\n### The error may exist in file [F:\\privatespace\\tansci-cloud\\tansci-admin\\tansci-admin-biz\\target\\classes\\mapper\\SysMenuMapper.xml]\r\n### The error may involve com.tansci.mapper.SysMenuMapper.list-Inline\r\n### The error occurred while setting parameters\r\n### SQL: SELECT `id`, `name`, `parent_id`, `chinese_name`, `english_name`, `status`, `type`, `url`, `icon`, `level`, `sort`, `update_time`, `create_time`, `remarks`         FROM(                            UNION ALL             SELECT `id`, `name`, `parent_id`, `chinese_name`, `english_name`, `status`, `type`, `url`, `icon`, `level`, `sort`, `update_time`, `create_time`, `remarks`, null `role_id`             FROM sys_menu m              WHERE m.status = ?          ) t GROUP BY id\r\n### Cause: com.mysql.jdbc.exceptions.jdbc4.MySQLSyntaxErrorException: You have an error in your SQL syntax; check the manual that corresponds to your MySQL server version for the right syntax to use near \'UNION ALL\n            SELECT `id`, `name`, `parent_id`, `chinese_name`, `english\' at line 5\n; bad SQL grammar []; nested exception is com.mysql.jdbc.exceptions.jdbc4.MySQLSyntaxErrorException: You have an error in your SQL syntax; check the manual that corresponds to your MySQL server version for the right syntax to use near \'UNION ALL\n            SELECT `id`, `name`, `parent_id`, `chinese_name`, `english\' at line 5<br/>org.springframework.jdbc.support.SQLErrorCodeSQLExceptionTranslator.doTranslate(SQLErrorCodeSQLExceptionTranslator.java:239)<br/>org.springframework.jdbc.support.AbstractFallbackSQLExceptionTranslator.translate(AbstractFallbackSQLExceptionTranslator.java:70)<br/>org.mybatis.spring.MyBatisExceptionTranslator.translateExceptionIfPossible(MyBatisExceptionTranslator.java:91)<br/>org.mybatis.spring.SqlSessionTemplate$SqlSessionInterceptor.invoke(SqlSessionTemplate.java:441)<br/>com.sun.proxy.$Proxy136.selectList(Unknown Source)<br/>org.mybatis.spring.SqlSessionTemplate.selectList(SqlSessionTemplate.java:224)<br/>com.baomidou.mybatisplus.core.override.MybatisMapperMethod.executeForMany(MybatisMapperMethod.java:166)<br/>com.baomidou.mybatisplus.core.override.MybatisMapperMethod.execute(MybatisMapperMethod.java:77)<br/>com.baomidou.mybatisplus.core.override.MybatisMapperProxy$PlainMethodInvoker.invoke(MybatisMapperProxy.java:148)<br/>com.baomidou.mybatisplus.core.override.MybatisMapperProxy.invoke(MybatisMapperProxy.java:89)<br/>com.sun.proxy.$Proxy145.list(Unknown Source)<br/>com.tansci.service.impl.SysMenuServiceImpl.list(SysMenuServiceImpl.java:36)<br/>com.tansci.service.impl.SysMenuServiceImpl$$FastClassBySpringCGLIB$$58665f75.invoke(<generated>)<br/>org.springframework.cglib.proxy.MethodProxy.invoke(MethodProxy.java:218)<br/>org.springframework.aop.framework.CglibAopProxy$DynamicAdvisedInterceptor.intercept(CglibAopProxy.java:689)<br/>com.tansci.service.impl.SysMenuServiceImpl$$EnhancerBySpringCGLIB$$620e074.list(<generated>)<br/>com.tansci.controller.SysMenuController.list(SysMenuController.java:38)<br/>com.tansci.controller.SysMenuController$$FastClassBySpringCGLIB$$8cd2e7ff.invoke(<generated>)<br/>org.springframework.cglib.proxy.MethodProxy.invoke(MethodProxy.java:218)<br/>org.springframework.aop.framework.CglibAopProxy$CglibMethodInvocation.invokeJoinpoint(CglibAopProxy.java:783)<br/>org.springframework.aop.framework.ReflectiveMethodInvocation.proceed(ReflectiveMethodInvocation.java:163)<br/>org.springframework.aop.framework.CglibAopProxy$CglibMethodInvocation.proceed(CglibAopProxy.java:753)<br/>org.springframework.aop.aspectj.AspectJAfterThrowingAdvice.invoke(AspectJAfterThrowingAdvice.java:64)<br/>org.springframework.aop.framework.ReflectiveMethodInvocation.proceed(ReflectiveMethodInvocation.java:186)<br/>org.springframework.aop.framework.CglibAopProxy$CglibMethodInvocation.proceed(CglibAopProxy.java:753)<br/>org.springframework.aop.framework.adapter.AfterReturningAdviceInterceptor.invoke(AfterReturningAdviceInterceptor.java:57)<br/>org.springframework.aop.framework.ReflectiveMethodInvocation.proceed(ReflectiveMethodInvocation.java:175)<br/>org.springframework.aop.framework.CglibAopProxy$CglibMethodInvocation.proceed(CglibAopProxy.java:753)<br/>org.springframework.aop.framework.adapter.MethodBeforeAdviceInterceptor.invoke(MethodBeforeAdviceInterceptor.java:58)<br/>org.springframework.aop.framework.ReflectiveMethodInvocation.proceed(ReflectiveMethodInvocation.java:175)<br/>org.springframework.aop.framework.CglibAopProxy$CglibMethodInvocation.proceed(CglibAopProxy.java:753)<br/>org.springframework.aop.aspectj.MethodInvocationProceedingJoinPoint.proceed(MethodInvocationProceedingJoinPoint.java:89)<br/>com.tansci.aop.UserInfoAspect.around(UserInfoAspect.java:60)<br/>sun.reflect.NativeMethodAccessorImpl.invoke0(Native Method)<br/>sun.reflect.NativeMethodAccessorImpl.invoke(NativeMethodAccessorImpl.java:62)<br/>sun.reflect.DelegatingMethodAccessorImpl.invoke(DelegatingMethodAccessorImpl.java:43)<br/>java.lang.reflect.Method.invoke(Method.java:498)<br/>org.springframework.aop.aspectj.AbstractAspectJAdvice.invokeAdviceMethodWithGivenArgs(AbstractAspectJAdvice.java:634)<br/>org.springframework.aop.aspectj.AbstractAspectJAdvice.invokeAdviceMethod(AbstractAspectJAdvice.java:624)<br/>org.springframework.aop.aspectj.AspectJAroundAdvice.invoke(AspectJAroundAdvice.java:72)<br/>org.springframework.aop.framework.ReflectiveMethodInvocation.proceed(ReflectiveMethodInvocation.java:186)<br/>org.springframework.aop.framework.CglibAopProxy$CglibMethodInvocation.proceed(CglibAopProxy.java:753)<br/>org.springframework.aop.interceptor.ExposeInvocationInterceptor.invoke(ExposeInvocationInterceptor.java:97)<br/>org.springframework.aop.framework.ReflectiveMethodInvocation.proceed(ReflectiveMethodInvocation.java:186)<br/>org.springframework.aop.framework.CglibAopProxy$CglibMethodInvocation.proceed(CglibAopProxy.java:753)<br/>org.springframework.aop.framework.CglibAopProxy$DynamicAdvisedInterceptor.intercept(CglibAopProxy.java:698)<br/>com.tansci.controller.SysMenuController$$EnhancerBySpringCGLIB$$dcf03b87.list(<generated>)<br/>sun.reflect.NativeMethodAccessorImpl.invoke0(Native Method)<br/>sun.reflect.NativeMethodAccessorImpl.invoke(NativeMethodAccessorImpl.java:62)<br/>sun.reflect.DelegatingMethodAccessorImpl.invoke(DelegatingMethodAccessorImpl.java:43)<br/>java.lang.reflect.Method.invoke(Method.java:498)<br/>org.springframework.web.method.support.InvocableHandlerMethod.doInvoke(InvocableHandlerMethod.java:205)<br/>org.springframework.web.method.support.InvocableHandlerMethod.invokeForRequest(InvocableHandlerMethod.java:150)<br/>org.springframework.web.servlet.mvc.method.annotation.ServletInvocableHandlerMethod.invokeAndHandle(ServletInvocableHandlerMethod.java:117)<br/>org.springframework.web.servlet.mvc.method.annotation.RequestMappingHandlerAdapter.invokeHandlerMethod(RequestMappingHandlerAdapter.java:895)<br/>org.springframework.web.servlet.mvc.method.annotation.RequestMappingHandlerAdapter.handleInternal(RequestMappingHandlerAdapter.java:808)<br/>org.springframework.web.servlet.mvc.method.AbstractHandlerMethodAdapter.handle(AbstractHandlerMethodAdapter.java:87)<br/>org.springframework.web.servlet.DispatcherServlet.doDispatch(DispatcherServlet.java:1067)<br/>org.springframework.web.servlet.DispatcherServlet.doService(DispatcherServlet.java:963)<br/>org.springframework.web.servlet.FrameworkServlet.processRequest(FrameworkServlet.java:1006)<br/>org.springframework.web.servlet.FrameworkServlet.doGet(FrameworkServlet.java:898)<br/>javax.servlet.http.HttpServlet.service(HttpServlet.java:655)<br/>org.springframework.web.servlet.FrameworkServlet.service(FrameworkServlet.java:883)<br/>javax.servlet.http.HttpServlet.service(HttpServlet.java:764)<br/>org.apache.catalina.core.ApplicationFilterChain.internalDoFilter(ApplicationFilterChain.java:227)<br/>org.apache.catalina.core.ApplicationFilterChain.doFilter(ApplicationFilterChain.java:162)<br/>org.apache.tomcat.websocket.server.WsFilter.doFilter(WsFilter.java:53)<br/>org.apache.catalina.core.ApplicationFilterChain.internalDoFilter(ApplicationFilterChain.java:189)<br/>org.apache.catalina.core.ApplicationFilterChain.doFilter(ApplicationFilterChain.java:162)<br/>org.springframework.web.filter.CharacterEncodingFilter.doFilterInternal(CharacterEncodingFilter.java:201)<br/>org.springframework.web.filter.OncePerRequestFilter.doFilter(OncePerRequestFilter.java:117)<br/>org.apache.catalina.core.ApplicationFilterChain.internalDoFilter(ApplicationFilterChain.java:189)<br/>org.apache.catalina.core.ApplicationFilterChain.doFilter(ApplicationFilterChain.java:162)<br/>org.apache.catalina.core.StandardWrapperValve.invoke(StandardWrapperValve.java:197)<br/>org.apache.catalina.core.StandardContextValve.invoke(StandardContextValve.java:97)<br/>org.apache.catalina.authenticator.AuthenticatorBase.invoke(AuthenticatorBase.java:540)<br/>org.apache.catalina.core.StandardHostValve.invoke(StandardHostValve.java:135)<br/>org.apache.catalina.valves.ErrorReportValve.invoke(ErrorReportValve.java:92)<br/>org.apache.catalina.core.StandardEngineValve.invoke(StandardEngineValve.java:78)<br/>org.apache.catalina.connector.CoyoteAdapter.service(CoyoteAdapter.java:357)<br/>org.apache.coyote.http11.Http11Processor.service(Http11Processor.java:382)<br/>org.apache.coyote.AbstractProcessorLight.process(AbstractProcessorLight.java:65)<br/>org.apache.coyote.AbstractProtocol$ConnectionHandler.process(AbstractProtocol.java:895)<br/>org.apache.tomcat.util.net.NioEndpoint$SocketProcessor.doRun(NioEndpoint.java:1732)<br/>org.apache.tomcat.util.net.SocketProcessorBase.run(SocketProcessorBase.java:49)<br/>org.apache.tomcat.util.threads.ThreadPoolExecutor.runWorker(ThreadPoolExecutor.java:1191)<br/>org.apache.tomcat.util.threads.ThreadPoolExecutor$Worker.run(ThreadPoolExecutor.java:659)<br/>org.apache.tomcat.util.threads.TaskThread$WrappingRunnable.run(TaskThread.java:61)<br/>java.lang.Thread.run(Thread.java:745)<br/>', 'bc3ac26e69731b617eb80274453f6dbb', 'admin', 'com.tansci.controller.SysMenuController.list', '/sysMenu/list', '127.0.0.1', '1.0.0', '2022-05-06 11:47:45');
INSERT INTO `log_error_info` VALUES ('fa9ed667-2241-4c55-8f5f-7ee3f835a873', '{\"type\":\"0\",\"status\":\"1\"}', 'org.springframework.jdbc.BadSqlGrammarException', 'org.springframework.jdbc.BadSqlGrammarException:\r\n### Error querying database.  Cause: com.mysql.jdbc.exceptions.jdbc4.MySQLSyntaxErrorException: You have an error in your SQL syntax; check the manual that corresponds to your MySQL server version for the right syntax to use near \'UNION ALL\n            SELECT `id`, `name`, `parent_id`, `chinese_name`, `english\' at line 5\r\n### The error may exist in file [F:\\privatespace\\tansci-cloud\\tansci-admin\\tansci-admin-biz\\target\\classes\\mapper\\SysMenuMapper.xml]\r\n### The error may involve com.tansci.mapper.SysMenuMapper.list-Inline\r\n### The error occurred while setting parameters\r\n### SQL: SELECT `id`, `name`, `parent_id`, `chinese_name`, `english_name`, `status`, `type`, `url`, `icon`, `level`, `sort`, `update_time`, `create_time`, `remarks`         FROM(                            UNION ALL             SELECT `id`, `name`, `parent_id`, `chinese_name`, `english_name`, `status`, `type`, `url`, `icon`, `level`, `sort`, `update_time`, `create_time`, `remarks`, null `role_id`             FROM sys_menu m              WHERE m.status = ?          ) t GROUP BY id\r\n### Cause: com.mysql.jdbc.exceptions.jdbc4.MySQLSyntaxErrorException: You have an error in your SQL syntax; check the manual that corresponds to your MySQL server version for the right syntax to use near \'UNION ALL\n            SELECT `id`, `name`, `parent_id`, `chinese_name`, `english\' at line 5\n; bad SQL grammar []; nested exception is com.mysql.jdbc.exceptions.jdbc4.MySQLSyntaxErrorException: You have an error in your SQL syntax; check the manual that corresponds to your MySQL server version for the right syntax to use near \'UNION ALL\n            SELECT `id`, `name`, `parent_id`, `chinese_name`, `english\' at line 5<br/>org.springframework.jdbc.support.SQLErrorCodeSQLExceptionTranslator.doTranslate(SQLErrorCodeSQLExceptionTranslator.java:239)<br/>org.springframework.jdbc.support.AbstractFallbackSQLExceptionTranslator.translate(AbstractFallbackSQLExceptionTranslator.java:70)<br/>org.mybatis.spring.MyBatisExceptionTranslator.translateExceptionIfPossible(MyBatisExceptionTranslator.java:91)<br/>org.mybatis.spring.SqlSessionTemplate$SqlSessionInterceptor.invoke(SqlSessionTemplate.java:441)<br/>com.sun.proxy.$Proxy136.selectList(Unknown Source)<br/>org.mybatis.spring.SqlSessionTemplate.selectList(SqlSessionTemplate.java:224)<br/>com.baomidou.mybatisplus.core.override.MybatisMapperMethod.executeForMany(MybatisMapperMethod.java:166)<br/>com.baomidou.mybatisplus.core.override.MybatisMapperMethod.execute(MybatisMapperMethod.java:77)<br/>com.baomidou.mybatisplus.core.override.MybatisMapperProxy$PlainMethodInvoker.invoke(MybatisMapperProxy.java:148)<br/>com.baomidou.mybatisplus.core.override.MybatisMapperProxy.invoke(MybatisMapperProxy.java:89)<br/>com.sun.proxy.$Proxy145.list(Unknown Source)<br/>com.tansci.service.impl.SysMenuServiceImpl.list(SysMenuServiceImpl.java:36)<br/>com.tansci.service.impl.SysMenuServiceImpl$$FastClassBySpringCGLIB$$58665f75.invoke(<generated>)<br/>org.springframework.cglib.proxy.MethodProxy.invoke(MethodProxy.java:218)<br/>org.springframework.aop.framework.CglibAopProxy$DynamicAdvisedInterceptor.intercept(CglibAopProxy.java:689)<br/>com.tansci.service.impl.SysMenuServiceImpl$$EnhancerBySpringCGLIB$$620e074.list(<generated>)<br/>com.tansci.controller.SysMenuController.list(SysMenuController.java:38)<br/>com.tansci.controller.SysMenuController$$FastClassBySpringCGLIB$$8cd2e7ff.invoke(<generated>)<br/>org.springframework.cglib.proxy.MethodProxy.invoke(MethodProxy.java:218)<br/>org.springframework.aop.framework.CglibAopProxy$CglibMethodInvocation.invokeJoinpoint(CglibAopProxy.java:783)<br/>org.springframework.aop.framework.ReflectiveMethodInvocation.proceed(ReflectiveMethodInvocation.java:163)<br/>org.springframework.aop.framework.CglibAopProxy$CglibMethodInvocation.proceed(CglibAopProxy.java:753)<br/>org.springframework.aop.aspectj.AspectJAfterThrowingAdvice.invoke(AspectJAfterThrowingAdvice.java:64)<br/>org.springframework.aop.framework.ReflectiveMethodInvocation.proceed(ReflectiveMethodInvocation.java:186)<br/>org.springframework.aop.framework.CglibAopProxy$CglibMethodInvocation.proceed(CglibAopProxy.java:753)<br/>org.springframework.aop.framework.adapter.AfterReturningAdviceInterceptor.invoke(AfterReturningAdviceInterceptor.java:57)<br/>org.springframework.aop.framework.ReflectiveMethodInvocation.proceed(ReflectiveMethodInvocation.java:175)<br/>org.springframework.aop.framework.CglibAopProxy$CglibMethodInvocation.proceed(CglibAopProxy.java:753)<br/>org.springframework.aop.framework.adapter.MethodBeforeAdviceInterceptor.invoke(MethodBeforeAdviceInterceptor.java:58)<br/>org.springframework.aop.framework.ReflectiveMethodInvocation.proceed(ReflectiveMethodInvocation.java:175)<br/>org.springframework.aop.framework.CglibAopProxy$CglibMethodInvocation.proceed(CglibAopProxy.java:753)<br/>org.springframework.aop.aspectj.MethodInvocationProceedingJoinPoint.proceed(MethodInvocationProceedingJoinPoint.java:89)<br/>com.tansci.aop.UserInfoAspect.around(UserInfoAspect.java:60)<br/>sun.reflect.NativeMethodAccessorImpl.invoke0(Native Method)<br/>sun.reflect.NativeMethodAccessorImpl.invoke(NativeMethodAccessorImpl.java:62)<br/>sun.reflect.DelegatingMethodAccessorImpl.invoke(DelegatingMethodAccessorImpl.java:43)<br/>java.lang.reflect.Method.invoke(Method.java:498)<br/>org.springframework.aop.aspectj.AbstractAspectJAdvice.invokeAdviceMethodWithGivenArgs(AbstractAspectJAdvice.java:634)<br/>org.springframework.aop.aspectj.AbstractAspectJAdvice.invokeAdviceMethod(AbstractAspectJAdvice.java:624)<br/>org.springframework.aop.aspectj.AspectJAroundAdvice.invoke(AspectJAroundAdvice.java:72)<br/>org.springframework.aop.framework.ReflectiveMethodInvocation.proceed(ReflectiveMethodInvocation.java:186)<br/>org.springframework.aop.framework.CglibAopProxy$CglibMethodInvocation.proceed(CglibAopProxy.java:753)<br/>org.springframework.aop.interceptor.ExposeInvocationInterceptor.invoke(ExposeInvocationInterceptor.java:97)<br/>org.springframework.aop.framework.ReflectiveMethodInvocation.proceed(ReflectiveMethodInvocation.java:186)<br/>org.springframework.aop.framework.CglibAopProxy$CglibMethodInvocation.proceed(CglibAopProxy.java:753)<br/>org.springframework.aop.framework.CglibAopProxy$DynamicAdvisedInterceptor.intercept(CglibAopProxy.java:698)<br/>com.tansci.controller.SysMenuController$$EnhancerBySpringCGLIB$$dcf03b87.list(<generated>)<br/>sun.reflect.NativeMethodAccessorImpl.invoke0(Native Method)<br/>sun.reflect.NativeMethodAccessorImpl.invoke(NativeMethodAccessorImpl.java:62)<br/>sun.reflect.DelegatingMethodAccessorImpl.invoke(DelegatingMethodAccessorImpl.java:43)<br/>java.lang.reflect.Method.invoke(Method.java:498)<br/>org.springframework.web.method.support.InvocableHandlerMethod.doInvoke(InvocableHandlerMethod.java:205)<br/>org.springframework.web.method.support.InvocableHandlerMethod.invokeForRequest(InvocableHandlerMethod.java:150)<br/>org.springframework.web.servlet.mvc.method.annotation.ServletInvocableHandlerMethod.invokeAndHandle(ServletInvocableHandlerMethod.java:117)<br/>org.springframework.web.servlet.mvc.method.annotation.RequestMappingHandlerAdapter.invokeHandlerMethod(RequestMappingHandlerAdapter.java:895)<br/>org.springframework.web.servlet.mvc.method.annotation.RequestMappingHandlerAdapter.handleInternal(RequestMappingHandlerAdapter.java:808)<br/>org.springframework.web.servlet.mvc.method.AbstractHandlerMethodAdapter.handle(AbstractHandlerMethodAdapter.java:87)<br/>org.springframework.web.servlet.DispatcherServlet.doDispatch(DispatcherServlet.java:1067)<br/>org.springframework.web.servlet.DispatcherServlet.doService(DispatcherServlet.java:963)<br/>org.springframework.web.servlet.FrameworkServlet.processRequest(FrameworkServlet.java:1006)<br/>org.springframework.web.servlet.FrameworkServlet.doGet(FrameworkServlet.java:898)<br/>javax.servlet.http.HttpServlet.service(HttpServlet.java:655)<br/>org.springframework.web.servlet.FrameworkServlet.service(FrameworkServlet.java:883)<br/>javax.servlet.http.HttpServlet.service(HttpServlet.java:764)<br/>org.apache.catalina.core.ApplicationFilterChain.internalDoFilter(ApplicationFilterChain.java:227)<br/>org.apache.catalina.core.ApplicationFilterChain.doFilter(ApplicationFilterChain.java:162)<br/>org.apache.tomcat.websocket.server.WsFilter.doFilter(WsFilter.java:53)<br/>org.apache.catalina.core.ApplicationFilterChain.internalDoFilter(ApplicationFilterChain.java:189)<br/>org.apache.catalina.core.ApplicationFilterChain.doFilter(ApplicationFilterChain.java:162)<br/>org.springframework.web.filter.CharacterEncodingFilter.doFilterInternal(CharacterEncodingFilter.java:201)<br/>org.springframework.web.filter.OncePerRequestFilter.doFilter(OncePerRequestFilter.java:117)<br/>org.apache.catalina.core.ApplicationFilterChain.internalDoFilter(ApplicationFilterChain.java:189)<br/>org.apache.catalina.core.ApplicationFilterChain.doFilter(ApplicationFilterChain.java:162)<br/>org.apache.catalina.core.StandardWrapperValve.invoke(StandardWrapperValve.java:197)<br/>org.apache.catalina.core.StandardContextValve.invoke(StandardContextValve.java:97)<br/>org.apache.catalina.authenticator.AuthenticatorBase.invoke(AuthenticatorBase.java:540)<br/>org.apache.catalina.core.StandardHostValve.invoke(StandardHostValve.java:135)<br/>org.apache.catalina.valves.ErrorReportValve.invoke(ErrorReportValve.java:92)<br/>org.apache.catalina.core.StandardEngineValve.invoke(StandardEngineValve.java:78)<br/>org.apache.catalina.connector.CoyoteAdapter.service(CoyoteAdapter.java:357)<br/>org.apache.coyote.http11.Http11Processor.service(Http11Processor.java:382)<br/>org.apache.coyote.AbstractProcessorLight.process(AbstractProcessorLight.java:65)<br/>org.apache.coyote.AbstractProtocol$ConnectionHandler.process(AbstractProtocol.java:895)<br/>org.apache.tomcat.util.net.NioEndpoint$SocketProcessor.doRun(NioEndpoint.java:1732)<br/>org.apache.tomcat.util.net.SocketProcessorBase.run(SocketProcessorBase.java:49)<br/>org.apache.tomcat.util.threads.ThreadPoolExecutor.runWorker(ThreadPoolExecutor.java:1191)<br/>org.apache.tomcat.util.threads.ThreadPoolExecutor$Worker.run(ThreadPoolExecutor.java:659)<br/>org.apache.tomcat.util.threads.TaskThread$WrappingRunnable.run(TaskThread.java:61)<br/>java.lang.Thread.run(Thread.java:745)<br/>', 'bc3ac26e69731b617eb80274453f6dbb', 'admin', 'com.tansci.controller.SysMenuController.list', '/sysMenu/list', '127.0.0.1', '1.0.0', '2022-05-06 11:49:58');

-- ----------------------------
-- Table structure for log_info
-- ----------------------------
DROP TABLE IF EXISTS `log_info`;
CREATE TABLE `log_info`  (
  `id` varchar(64) CHARACTER SET utf8 COLLATE utf8_general_ci NOT NULL COMMENT '主键id',
  `module` varchar(255) CHARACTER SET utf8 COLLATE utf8_general_ci NULL DEFAULT NULL COMMENT '功能模块',
  `type` varchar(255) CHARACTER SET utf8 COLLATE utf8_general_ci NULL DEFAULT NULL COMMENT '操作类型',
  `message` varchar(255) CHARACTER SET utf8 COLLATE utf8_general_ci NULL DEFAULT NULL COMMENT '操作描述',
  `req_param` text CHARACTER SET utf8 COLLATE utf8_general_ci NULL COMMENT '请求参数',
  `res_param` text CHARACTER SET utf8 COLLATE utf8_general_ci NULL COMMENT '响应参数',
  `take_up_time` int(64) NULL DEFAULT NULL COMMENT '耗时',
  `user_id` varchar(64) CHARACTER SET utf8 COLLATE utf8_general_ci NULL DEFAULT NULL COMMENT '操作用户id',
  `user_name` varchar(255) CHARACTER SET utf8 COLLATE utf8_general_ci NULL DEFAULT NULL COMMENT '操作用户名称',
  `method` varchar(255) CHARACTER SET utf8 COLLATE utf8_general_ci NULL DEFAULT NULL COMMENT '操作方法',
  `uri` varchar(255) CHARACTER SET utf8 COLLATE utf8_general_ci NULL DEFAULT NULL COMMENT '请求url',
  `ip` varchar(50) CHARACTER SET utf8 COLLATE utf8_general_ci NULL DEFAULT NULL COMMENT '请求IP',
  `version` varchar(50) CHARACTER SET utf8 COLLATE utf8_general_ci NULL DEFAULT NULL COMMENT '版本号',
  `create_time` datetime NULL DEFAULT NULL COMMENT '创建时间',
  PRIMARY KEY (`id`) USING BTREE
) ENGINE = InnoDB CHARACTER SET = utf8 COLLATE = utf8_general_ci COMMENT = '操作日志' ROW_FORMAT = DYNAMIC;

-- ----------------------------
-- Records of log_info
-- ----------------------------
INSERT INTO `log_info` VALUES ('0df9dc36-b509-4c5d-89e6-d7b2d8012941', '用户信息-根据名称获取用户信息', 'SELECT', '根据名称获取用户信息', '{\"username\":\"admin\"}', '{\"code\":200,\"fail\":false,\"message\":\"操作成功\",\"result\":{\"address\":\"兰州安宁区永新华世界湾\",\"birthday\":\"2022-02-14\",\"createTime\":\"2022-04-29T15:22:20\",\"email\":\"admin@qq.com\",\"id\":\"bc3ac26e69731b617eb80274453f6dbb\",\"idCard\":\"\",\"nickname\":\"管理员\",\"password\":\"$2a$10$tlWWfjTObqLsC6ONrhNL/.GIpAoFu205TXPK6xUPHHr1kA/paK4lq\",\"phone\":\"18893817562\",\"sex\":0,\"status\":0,\"type\":1,\"updateTime\":\"2022-04-29T15:22:18\",\"username\":\"admin\"},\"success\":true}', 15, 'bc3ac26e69731b617eb80274453f6dbb', 'admin', 'com.tansci.controller.SysUserController.findByUsername', '/sysUser/findByUsername', '10.168.1.66', '1.0.0', '2022-04-29 16:00:31');
INSERT INTO `log_info` VALUES ('4a69b44b-ac2a-49a2-beef-3a345e19a80d', '菜单-获取菜单树', 'SELECT', '获取菜单树', '{\"type\":\"0\",\"status\":\"1\"}', '{\"code\":200,\"fail\":false,\"message\":\"操作成功\",\"result\":[{\"chineseName\":\"首页\",\"createTime\":\"2022-04-29T15:18:20\",\"englishName\":\"Index\",\"icon\":\"HomeFilled\",\"id\":\"09a724dfb41f47e50cb88ecd577c1655\",\"level\":1,\"name\":\"index\",\"parentId\":\"0\",\"sort\":1,\"status\":1,\"type\":0,\"updateTime\":\"2022-04-29T15:18:17\",\"url\":\"/Index\"},{\"children\":[{\"chineseName\":\"用户管理\",\"createTime\":\"2022-04-29T15:18:20\",\"englishName\":\"User Manage\",\"icon\":\"UserFilled\",\"id\":\"09a724dfb41f47e50cb88ecd577c1656\",\"level\":1,\"name\":\"user\",\"parentId\":\"09a724dfb41f47e50cb88ecd577c1658\",\"sort\":2,\"status\":1,\"type\":0,\"updateTime\":\"2022-04-29T15:18:17\",\"url\":\"/User\"},{\"chineseName\":\"权限管理\",\"createTime\":\"2022-04-29T15:18:20\",\"englishName\":\"Role Manage\",\"icon\":\"Coin\",\"id\":\"09a724dfb41f47e50cb88ecd577c1657\",\"level\":1,\"name\":\"role\",\"parentId\":\"09a724dfb41f47e50cb88ecd577c1658\",\"sort\":2,\"status\":1,\"type\":0,\"updateTime\":\"2022-04-29T15:18:17\",\"url\":\"/Role\"}],\"chineseName\":\"系统管理\",\"createTime\":\"2022-04-29T15:18:20\",\"englishName\":\"System Manage\",\"icon\":\"Setting\",\"id\":\"09a724dfb41f47e50cb88ecd577c1658\",\"level\":1,\"name\":\"system\",\"parentId\":\"0\",\"sort\":2,\"status\":1,\"type\":0,\"updateTime\":\"2022-04-29T15:18:17\",\"url\":\"/System\"}],\"success\":true}', 2, 'bc3ac26e69731b617eb80274453f6dbb', 'admin', 'com.tansci.controller.SysMenuController.list', '/sysMenu/list', '127.0.0.1', '1.0.0', '2022-05-06 18:03:37');
INSERT INTO `log_info` VALUES ('68fcb01b-ab5a-4ccc-a5f1-4d17762b2174', '菜单-获取菜单树', 'SELECT', '获取菜单树', '{\"type\":\"0\",\"status\":\"1\"}', '{\"code\":200,\"fail\":false,\"message\":\"操作成功\",\"result\":[{\"chineseName\":\"首页\",\"createTime\":\"2022-04-29T15:18:20\",\"englishName\":\"Index\",\"icon\":\"HomeFilled\",\"id\":\"09a724dfb41f47e50cb88ecd577c1655\",\"level\":1,\"name\":\"index\",\"parentId\":\"0\",\"sort\":1,\"status\":1,\"type\":0,\"updateTime\":\"2022-04-29T15:18:17\",\"url\":\"/Index\"},{\"children\":[{\"chineseName\":\"用户管理\",\"createTime\":\"2022-04-29T15:18:20\",\"englishName\":\"User Manage\",\"icon\":\"UserFilled\",\"id\":\"09a724dfb41f47e50cb88ecd577c1656\",\"level\":1,\"name\":\"user\",\"parentId\":\"09a724dfb41f47e50cb88ecd577c1658\",\"sort\":2,\"status\":1,\"type\":0,\"updateTime\":\"2022-04-29T15:18:17\",\"url\":\"/system/User\"},{\"chineseName\":\"权限管理\",\"createTime\":\"2022-04-29T15:18:20\",\"englishName\":\"Role Manage\",\"icon\":\"Coin\",\"id\":\"09a724dfb41f47e50cb88ecd577c1657\",\"level\":1,\"name\":\"role\",\"parentId\":\"09a724dfb41f47e50cb88ecd577c1658\",\"sort\":2,\"status\":1,\"type\":0,\"updateTime\":\"2022-04-29T15:18:17\",\"url\":\"/system/Role\"}],\"chineseName\":\"系统管理\",\"createTime\":\"2022-04-29T15:18:20\",\"englishName\":\"System Manage\",\"icon\":\"Setting\",\"id\":\"09a724dfb41f47e50cb88ecd577c1658\",\"level\":1,\"name\":\"system\",\"parentId\":\"0\",\"sort\":2,\"status\":1,\"type\":0,\"updateTime\":\"2022-04-29T15:18:17\",\"url\":\"/system\"}],\"success\":true}', 5, 'bc3ac26e69731b617eb80274453f6dbb', 'admin', 'com.tansci.controller.SysMenuController.list', '/sysMenu/list', '127.0.0.1', '1.0.0', '2022-05-06 18:06:26');
INSERT INTO `log_info` VALUES ('6ee3f69c-778b-4233-92e4-5d59f4682072', '菜单-获取菜单树', 'SELECT', '获取菜单树', '{\"type\":\"0\",\"status\":\"1\"}', '{\"code\":200,\"fail\":false,\"message\":\"操作成功\",\"result\":[{\"chineseName\":\"首页\",\"createTime\":\"2022-04-29T15:18:20\",\"englishName\":\"Index\",\"icon\":\"HomeFilled\",\"id\":\"09a724dfb41f47e50cb88ecd577c1655\",\"level\":1,\"name\":\"index\",\"parentId\":\"0\",\"sort\":1,\"status\":1,\"type\":0,\"updateTime\":\"2022-04-29T15:18:17\"},{\"children\":[{\"chineseName\":\"用户管理\",\"createTime\":\"2022-04-29T15:18:20\",\"englishName\":\"User Manage\",\"icon\":\"HomeFilled\",\"id\":\"09a724dfb41f47e50cb88ecd577c1656\",\"level\":1,\"name\":\"user\",\"parentId\":\"09a724dfb41f47e50cb88ecd577c1658\",\"sort\":2,\"status\":1,\"type\":0,\"updateTime\":\"2022-04-29T15:18:17\"},{\"chineseName\":\"权限管理\",\"createTime\":\"2022-04-29T15:18:20\",\"englishName\":\"Role Manage\",\"icon\":\"HomeFilled\",\"id\":\"09a724dfb41f47e50cb88ecd577c1657\",\"level\":1,\"name\":\"role\",\"parentId\":\"09a724dfb41f47e50cb88ecd577c1658\",\"sort\":2,\"status\":1,\"type\":0,\"updateTime\":\"2022-04-29T15:18:17\"}],\"chineseName\":\"系统管理\",\"createTime\":\"2022-04-29T15:18:20\",\"englishName\":\"System Manage\",\"icon\":\"HomeFilled\",\"id\":\"09a724dfb41f47e50cb88ecd577c1658\",\"level\":1,\"name\":\"system\",\"parentId\":\"0\",\"sort\":2,\"status\":1,\"type\":0,\"updateTime\":\"2022-04-29T15:18:17\"}],\"success\":true}', 4, 'bc3ac26e69731b617eb80274453f6dbb', 'admin', 'com.tansci.controller.SysMenuController.list', '/sysMenu/list', '127.0.0.1', '1.0.0', '2022-05-06 16:54:09');
INSERT INTO `log_info` VALUES ('764d9816-21fc-4c1a-84f7-104808004e24', '菜单-获取菜单树', 'SELECT', '获取菜单树', '{\"type\":\"0\",\"status\":\"1\"}', '{\"code\":200,\"fail\":false,\"message\":\"操作成功\",\"result\":[{\"chineseName\":\"首页\",\"createTime\":\"2022-04-29T15:18:20\",\"englishName\":\"Index\",\"icon\":\"HomeFilled\",\"id\":\"09a724dfb41f47e50cb88ecd577c1655\",\"level\":1,\"name\":\"index\",\"parentId\":\"0\",\"sort\":1,\"status\":1,\"type\":0,\"updateTime\":\"2022-04-29T15:18:17\",\"url\":\"/Index\"},{\"children\":[{\"chineseName\":\"用户管理\",\"createTime\":\"2022-04-29T15:18:20\",\"englishName\":\"User Manage\",\"icon\":\"HomeFilled\",\"id\":\"09a724dfb41f47e50cb88ecd577c1656\",\"level\":1,\"name\":\"user\",\"parentId\":\"09a724dfb41f47e50cb88ecd577c1658\",\"sort\":2,\"status\":1,\"type\":0,\"updateTime\":\"2022-04-29T15:18:17\",\"url\":\"/User\"},{\"chineseName\":\"权限管理\",\"createTime\":\"2022-04-29T15:18:20\",\"englishName\":\"Role Manage\",\"icon\":\"HomeFilled\",\"id\":\"09a724dfb41f47e50cb88ecd577c1657\",\"level\":1,\"name\":\"role\",\"parentId\":\"09a724dfb41f47e50cb88ecd577c1658\",\"sort\":2,\"status\":1,\"type\":0,\"updateTime\":\"2022-04-29T15:18:17\",\"url\":\"/Role\"}],\"chineseName\":\"系统管理\",\"createTime\":\"2022-04-29T15:18:20\",\"englishName\":\"System Manage\",\"icon\":\"HomeFilled\",\"id\":\"09a724dfb41f47e50cb88ecd577c1658\",\"level\":1,\"name\":\"system\",\"parentId\":\"0\",\"sort\":2,\"status\":1,\"type\":0,\"updateTime\":\"2022-04-29T15:18:17\",\"url\":\"/System\"}],\"success\":true}', 4, 'bc3ac26e69731b617eb80274453f6dbb', 'admin', 'com.tansci.controller.SysMenuController.list', '/sysMenu/list', '127.0.0.1', '1.0.0', '2022-05-06 17:38:31');
INSERT INTO `log_info` VALUES ('9c5ba488-089b-4663-8f85-7dbc5bca87f8', '菜单-获取菜单树', 'SELECT', '获取菜单树', '{\"type\":\"0\",\"status\":\"1\"}', '{\"code\":200,\"fail\":false,\"message\":\"操作成功\",\"result\":[{\"chineseName\":\"首页\",\"createTime\":\"2022-04-29T15:18:20\",\"englishName\":\"Index\",\"icon\":\"HomeFilled\",\"id\":\"09a724dfb41f47e50cb88ecd577c1655\",\"level\":1,\"name\":\"index\",\"parentId\":\"0\",\"sort\":1,\"status\":1,\"type\":0,\"updateTime\":\"2022-04-29T15:18:17\"},{\"chineseName\":\"用户管理\",\"createTime\":\"2022-04-29T15:18:20\",\"englishName\":\"User Manage\",\"icon\":\"HomeFilled\",\"id\":\"09a724dfb41f47e50cb88ecd577c1656\",\"level\":1,\"name\":\"user\",\"parentId\":\"0\",\"sort\":2,\"status\":1,\"type\":0,\"updateTime\":\"2022-04-29T15:18:17\"},{\"chineseName\":\"权限管理\",\"createTime\":\"2022-04-29T15:18:20\",\"englishName\":\"Role Manage\",\"icon\":\"HomeFilled\",\"id\":\"09a724dfb41f47e50cb88ecd577c1657\",\"level\":1,\"name\":\"role\",\"parentId\":\"0\",\"sort\":2,\"status\":1,\"type\":0,\"updateTime\":\"2022-04-29T15:18:17\"}],\"success\":true}', 23, 'bc3ac26e69731b617eb80274453f6dbb', 'admin', 'com.tansci.controller.SysMenuController.list', '/sysMenu/list', '127.0.0.1', '1.0.0', '2022-05-06 11:54:32');
INSERT INTO `log_info` VALUES ('e6c1b186-0c52-45a1-9558-3faa2d904651', '菜单-获取菜单树', 'SELECT', '获取菜单树', '{\"type\":\"0\",\"status\":\"1\"}', '{\"code\":200,\"fail\":false,\"message\":\"操作成功\",\"result\":[{\"chineseName\":\"首页\",\"createTime\":\"2022-04-29T15:18:20\",\"englishName\":\"Index\",\"icon\":\"HomeFilled\",\"id\":\"09a724dfb41f47e50cb88ecd577c1655\",\"level\":1,\"name\":\"index\",\"parentId\":\"0\",\"sort\":1,\"status\":1,\"type\":0,\"updateTime\":\"2022-04-29T15:18:17\"},{\"chineseName\":\"用户管理\",\"createTime\":\"2022-04-29T15:18:20\",\"englishName\":\"User Manage\",\"icon\":\"HomeFilled\",\"id\":\"09a724dfb41f47e50cb88ecd577c1656\",\"level\":1,\"name\":\"user\",\"parentId\":\"0\",\"sort\":2,\"status\":1,\"type\":0,\"updateTime\":\"2022-04-29T15:18:17\"},{\"chineseName\":\"权限管理\",\"createTime\":\"2022-04-29T15:18:20\",\"englishName\":\"Role Manage\",\"icon\":\"HomeFilled\",\"id\":\"09a724dfb41f47e50cb88ecd577c1657\",\"level\":1,\"name\":\"role\",\"parentId\":\"0\",\"sort\":2,\"status\":1,\"type\":0,\"updateTime\":\"2022-04-29T15:18:17\"}],\"success\":true}', 21, 'bc3ac26e69731b617eb80274453f6dbb', 'admin', 'com.tansci.controller.SysMenuController.list', '/sysMenu/list', '127.0.0.1', '1.0.0', '2022-05-06 16:21:52');

-- ----------------------------
-- Table structure for sys_dic
-- ----------------------------
DROP TABLE IF EXISTS `sys_dic`;
CREATE TABLE `sys_dic`  (
  `id` varchar(64) CHARACTER SET utf8 COLLATE utf8_general_ci NOT NULL,
  `parent_id` varchar(64) CHARACTER SET utf8 COLLATE utf8_general_ci NULL DEFAULT NULL COMMENT '父id',
  `group_name` varchar(255) CHARACTER SET utf8 COLLATE utf8_general_ci NULL DEFAULT NULL COMMENT '分组名称',
  `type` int(16) NULL DEFAULT NULL COMMENT '类型：0、系统，1、业务',
  `dic_value` int(16) NULL DEFAULT NULL COMMENT '值',
  `dic_label` varchar(255) CHARACTER SET utf8 COLLATE utf8_general_ci NULL DEFAULT NULL COMMENT '名称',
  `sort` int(16) NULL DEFAULT NULL COMMENT '排序',
  `text1` varchar(255) CHARACTER SET utf8 COLLATE utf8_general_ci NULL DEFAULT NULL COMMENT '预留字段1',
  `text2` varchar(255) CHARACTER SET utf8 COLLATE utf8_general_ci NULL DEFAULT NULL COMMENT '预留字段2',
  `text3` varchar(255) CHARACTER SET utf8 COLLATE utf8_general_ci NULL DEFAULT NULL COMMENT '预留字段3',
  `update_time` datetime NULL DEFAULT NULL COMMENT '更新时间',
  `create_time` datetime NULL DEFAULT NULL COMMENT '创建时间',
  `remarks` varchar(255) CHARACTER SET utf8 COLLATE utf8_general_ci NULL DEFAULT NULL COMMENT '备注',
  PRIMARY KEY (`id`) USING BTREE
) ENGINE = InnoDB CHARACTER SET = utf8 COLLATE = utf8_general_ci ROW_FORMAT = DYNAMIC;

-- ----------------------------
-- Records of sys_dic
-- ----------------------------

-- ----------------------------
-- Table structure for sys_menu
-- ----------------------------
DROP TABLE IF EXISTS `sys_menu`;
CREATE TABLE `sys_menu`  (
  `id` varchar(64) CHARACTER SET utf8 COLLATE utf8_general_ci NOT NULL COMMENT '主键id',
  `name` varchar(100) CHARACTER SET utf8 COLLATE utf8_general_ci NOT NULL COMMENT '名称',
  `parent_id` varchar(64) CHARACTER SET utf8 COLLATE utf8_general_ci NOT NULL COMMENT '父ID',
  `chinese_name` varchar(100) CHARACTER SET utf8 COLLATE utf8_general_ci NULL DEFAULT NULL COMMENT '中文名称',
  `english_name` varchar(100) CHARACTER SET utf8 COLLATE utf8_general_ci NULL DEFAULT NULL COMMENT '英文名称',
  `status` int(1) NOT NULL COMMENT '状态：0：删除，1：正常，2：禁用',
  `type` int(1) NOT NULL COMMENT '类型：0、菜单，1、按钮，2、链接',
  `url` varchar(255) CHARACTER SET utf8 COLLATE utf8_general_ci NULL DEFAULT NULL COMMENT 'URL',
  `icon` varchar(100) CHARACTER SET utf8 COLLATE utf8_general_ci NULL DEFAULT NULL COMMENT '图标',
  `level` int(10) NOT NULL COMMENT '级别',
  `sort` int(10) NULL DEFAULT NULL COMMENT '排序',
  `update_time` datetime NULL DEFAULT NULL COMMENT '更新时间',
  `create_time` datetime NULL DEFAULT NULL COMMENT '创建时间',
  `remarks` varchar(255) CHARACTER SET utf8 COLLATE utf8_general_ci NULL DEFAULT NULL COMMENT '描述',
  PRIMARY KEY (`id`) USING BTREE
) ENGINE = InnoDB CHARACTER SET = utf8 COLLATE = utf8_general_ci COMMENT = '菜单' ROW_FORMAT = DYNAMIC;

-- ----------------------------
-- Records of sys_menu
-- ----------------------------
INSERT INTO `sys_menu` VALUES ('09a724dfb41f47e50cb88ecd577c1655', 'index', '0', '首页', 'Index', 1, 0, '/Index', 'HomeFilled', 1, 1, '2022-04-29 15:18:17', '2022-04-29 15:18:20', NULL);
INSERT INTO `sys_menu` VALUES ('09a724dfb41f47e50cb88ecd577c1656', 'user', '09a724dfb41f47e50cb88ecd577c1658', '用户管理', 'User Manage', 1, 0, '/system/User', 'UserFilled', 1, 2, '2022-04-29 15:18:17', '2022-04-29 15:18:20', NULL);
INSERT INTO `sys_menu` VALUES ('09a724dfb41f47e50cb88ecd577c1657', 'role', '09a724dfb41f47e50cb88ecd577c1658', '权限管理', 'Role Manage', 1, 0, '/system/Role', 'Coin', 1, 2, '2022-04-29 15:18:17', '2022-04-29 15:18:20', NULL);
INSERT INTO `sys_menu` VALUES ('09a724dfb41f47e50cb88ecd577c1658', 'system', '0', '系统管理', 'System Manage', 1, 0, '/system', 'Setting', 1, 2, '2022-04-29 15:18:17', '2022-04-29 15:18:20', NULL);

-- ----------------------------
-- Table structure for sys_menu_role
-- ----------------------------
DROP TABLE IF EXISTS `sys_menu_role`;
CREATE TABLE `sys_menu_role`  (
  `role_id` varchar(64) CHARACTER SET utf8mb4 COLLATE utf8mb4_general_ci NOT NULL COMMENT '角色id',
  `menu_id` varchar(64) CHARACTER SET utf8mb4 COLLATE utf8mb4_general_ci NOT NULL COMMENT '菜单id',
  PRIMARY KEY (`role_id`, `menu_id`) USING BTREE
) ENGINE = InnoDB CHARACTER SET = utf8mb4 COLLATE = utf8mb4_general_ci COMMENT = '菜单角色' ROW_FORMAT = Dynamic;

-- ----------------------------
-- Records of sys_menu_role
-- ----------------------------
INSERT INTO `sys_menu_role` VALUES ('09a724dfb41f47e50cb88ecd577c1666', '09a724dfb41f47e50cb88ecd577c1655');
INSERT INTO `sys_menu_role` VALUES ('09a724dfb41f47e50cb88ecd577c1666', '09a724dfb41f47e50cb88ecd577c1656');
INSERT INTO `sys_menu_role` VALUES ('09a724dfb41f47e50cb88ecd577c1777', '09a724dfb41f47e50cb88ecd577c1655');

-- ----------------------------
-- Table structure for sys_role
-- ----------------------------
DROP TABLE IF EXISTS `sys_role`;
CREATE TABLE `sys_role`  (
  `id` varchar(64) CHARACTER SET utf8 COLLATE utf8_general_ci NOT NULL COMMENT '主键id',
  `name` varchar(255) CHARACTER SET utf8 COLLATE utf8_general_ci NOT NULL COMMENT '角色名称',
  `status` int(1) NOT NULL COMMENT '状态：0、正常，1、禁用',
  `creator` varchar(64) CHARACTER SET utf8 COLLATE utf8_general_ci NULL DEFAULT NULL COMMENT '创建人',
  `update_time` datetime NULL DEFAULT NULL COMMENT '更新时间',
  `create_time` datetime NULL DEFAULT NULL COMMENT '创建时间',
  `remarks` varchar(255) CHARACTER SET utf8 COLLATE utf8_general_ci NULL DEFAULT NULL COMMENT '描述',
  PRIMARY KEY (`id`) USING BTREE
) ENGINE = InnoDB CHARACTER SET = utf8 COLLATE = utf8_general_ci COMMENT = '角色' ROW_FORMAT = Dynamic;

-- ----------------------------
-- Records of sys_role
-- ----------------------------
INSERT INTO `sys_role` VALUES ('09a724dfb41f47e50cb88ecd577c1666', '管理员权限', 0, NULL, '2022-04-29 15:19:51', '2022-04-29 15:19:54', NULL);
INSERT INTO `sys_role` VALUES ('09a724dfb41f47e50cb88ecd577c1777', '普通用户权限', 0, NULL, '2022-04-29 15:19:51', '2022-04-29 15:19:54', NULL);

-- ----------------------------
-- Table structure for sys_user
-- ----------------------------
DROP TABLE IF EXISTS `sys_user`;
CREATE TABLE `sys_user`  (
  `id` varchar(64) CHARACTER SET utf8 COLLATE utf8_general_ci NOT NULL COMMENT '主键id',
  `username` varchar(255) CHARACTER SET utf8 COLLATE utf8_general_ci NULL DEFAULT NULL COMMENT '用户名称',
  `nickname` varchar(255) CHARACTER SET utf8 COLLATE utf8_general_ci NULL DEFAULT NULL COMMENT '用户昵称',
  `password` varchar(255) CHARACTER SET utf8 COLLATE utf8_general_ci NULL DEFAULT NULL COMMENT '用户密码',
  `status` int(1) NULL DEFAULT NULL COMMENT '状态：0：正常，1：删除，2：禁用',
  `type` int(1) NULL DEFAULT NULL COMMENT '类型：0、普通用户，1、管理员',
  `open_id` varchar(255) CHARACTER SET utf8 COLLATE utf8_general_ci NULL DEFAULT NULL COMMENT '微信唯一标识',
  `birthday` date NULL DEFAULT NULL COMMENT '出生日期',
  `sex` int(1) NULL DEFAULT NULL COMMENT '性别：0：男；1：女',
  `email` varchar(100) CHARACTER SET utf8 COLLATE utf8_general_ci NULL DEFAULT NULL COMMENT '邮箱',
  `phone` varchar(20) CHARACTER SET utf8 COLLATE utf8_general_ci NULL DEFAULT NULL COMMENT '电话',
  `address` varchar(255) CHARACTER SET utf8 COLLATE utf8_general_ci NULL DEFAULT NULL COMMENT '地址',
  `id_card` varchar(20) CHARACTER SET utf8 COLLATE utf8_general_ci NULL DEFAULT NULL COMMENT '身份证号',
  `update_time` datetime NULL DEFAULT NULL COMMENT '更新时间',
  `create_time` datetime NULL DEFAULT NULL COMMENT '创建时间',
  `remarks` varchar(255) CHARACTER SET utf8 COLLATE utf8_general_ci NULL DEFAULT NULL COMMENT '描述',
  PRIMARY KEY (`id`) USING BTREE
) ENGINE = InnoDB CHARACTER SET = utf8 COLLATE = utf8_general_ci ROW_FORMAT = DYNAMIC;

-- ----------------------------
-- Records of sys_user
-- ----------------------------
INSERT INTO `sys_user` VALUES ('bc3ac26e69731b617eb80274453f6db1', 'test', '管理员', '$2a$10$tlWWfjTObqLsC6ONrhNL/.GIpAoFu205TXPK6xUPHHr1kA/paK4lq', 0, 0, NULL, '2022-02-14', 0, 'test@qq.com', '18893817562', '兰州安宁区永新华世界湾', '', '2022-04-29 15:22:18', '2022-04-29 15:22:20', '');
INSERT INTO `sys_user` VALUES ('bc3ac26e69731b617eb80274453f6dbb', 'admin', '管理员', '$2a$10$tlWWfjTObqLsC6ONrhNL/.GIpAoFu205TXPK6xUPHHr1kA/paK4lq', 0, 1, NULL, '2022-02-14', 0, 'admin@qq.com', '18893817562', '兰州安宁区永新华世界湾', '', '2022-04-29 15:22:18', '2022-04-29 15:22:20', '');

-- ----------------------------
-- Table structure for sys_user_role
-- ----------------------------
DROP TABLE IF EXISTS `sys_user_role`;
CREATE TABLE `sys_user_role`  (
  `user_id` varchar(64) CHARACTER SET utf8mb4 COLLATE utf8mb4_general_ci NOT NULL COMMENT '用户id',
  `role_id` varchar(64) CHARACTER SET utf8mb4 COLLATE utf8mb4_general_ci NOT NULL COMMENT '角色id',
  PRIMARY KEY (`user_id`, `role_id`) USING BTREE
) ENGINE = InnoDB CHARACTER SET = utf8mb4 COLLATE = utf8mb4_general_ci COMMENT = '用户角色' ROW_FORMAT = Dynamic;

-- ----------------------------
-- Records of sys_user_role
-- ----------------------------
INSERT INTO `sys_user_role` VALUES ('bc3ac26e69731b617eb80274453f6db1', '09a724dfb41f47e50cb88ecd577c1777');
INSERT INTO `sys_user_role` VALUES ('bc3ac26e69731b617eb80274453f6dbb', '09a724dfb41f47e50cb88ecd577c1666');

SET FOREIGN_KEY_CHECKS = 1;
